agent,archetype,seed,episode,reward,ctr,sends,seconds
LINUCB,OfficeWorker,0,50,-117.3762219758526,0.06894447834045149,40.975,56.9
LINUCB,OfficeWorker,0,100,-119.42008372946195,0.07713963963963964,44.4,56.9
LINUCB,OfficeWorker,0,150,-122.23990715525397,0.12112561174551387,61.3,56.9
LINUCB,OfficeWorker,0,200,-122.98307413386401,0.12767644726407612,63.05,56.9
LINUCB,OfficeWorker,0,250,-133.70741557524465,0.1254846669016567,70.925,56.9
LINUCB,OfficeWorker,0,300,-122.59049105965059,0.11867290514674607,58.775,56.9
LINUCB,OfficeWorker,0,350,-125.08025554451456,0.11329628046173579,58.475,56.9
LINUCB,OfficeWorker,0,400,-148.37335773970023,0.11048557353976073,71.05,56.9
LINUCB,OfficeWorker,0,450,-130.18568032312774,0.11670663469224621,62.55,56.9
LINUCB,OfficeWorker,0,500,-137.74283639550552,0.11278485901892622,64.725,56.9
LINUCB,OfficeWorker,0,550,-136.47002518165596,0.11644100580270793,64.625,56.9
LINUCB,OfficeWorker,0,600,-128.3810017562847,0.11013986013986014,57.2,56.9
LINUCB,OfficeWorker,0,650,-140.48174733329495,0.1122645136485967,65.025,56.9
LINUCB,OfficeWorker,0,700,-136.57479335692557,0.11327975507079985,65.325,56.9
LINUCB,OfficeWorker,0,750,-140.58697498767842,0.11693989071038251,68.625,56.9
LINUCB,OfficeWorker,0,800,-132.49002523331956,0.10797132011809363,59.275,56.9
LINUCB,OfficeWorker,0,850,-135.25490500415506,0.11751662971175167,67.65,56.9
LINUCB,OfficeWorker,0,900,-135.07131453047313,0.11958533876342095,67.525,56.9
LINUCB,OfficeWorker,0,950,-146.50604520365124,0.11162133521723773,70.775,56.9
LINUCB,OfficeWorker,0,1000,-137.62138310878007,0.10924713584288052,61.1,56.9
LINUCB,OfficeWorker,0,1050,-156.75599985093075,0.10677263303386317,72.35,56.9
LINUCB,OfficeWorker,0,1100,-141.6043465915344,0.11106927710843373,66.4,56.9
LINUCB,OfficeWorker,0,1150,-139.27801488361752,0.11949685534591195,67.575,56.9
LINUCB,OfficeWorker,0,1200,-135.70092413021555,0.11176240719030871,63.975,56.9
LINUCB,OfficeWorker,0,1250,-141.6557809127521,0.11338289962825279,67.25,56.9
LINUCB,OfficeWorker,0,1300,-143.42365324145902,0.11558669001751314,71.375,56.9
LINUCB,OfficeWorker,0,1350,-138.49238656575326,0.11534154535274356,66.975,56.9
LINUCB,OfficeWorker,0,1400,-143.04060639006758,0.11273792093704246,68.3,56.9
LINUCB,OfficeWorker,0,1450,-146.23379328457855,0.11492641906096707,71.35,56.9
LINUCB,OfficeWorker,0,1500,-143.9699287960555,0.11612680909717436,72.55,56.9
LINUCB,Housewife,0,50,-93.62829418757954,0.25885885885885884,41.625,59.5
LINUCB,Housewife,0,100,-70.7028345987042,0.29012760241773,37.225,59.5
LINUCB,Housewife,0,150,-69.64188629529752,0.2889403590040533,43.175,59.5
LINUCB,Housewife,0,200,-86.16807665129737,0.24969400244798043,40.85,59.5
LINUCB,Housewife,0,250,-80.96330664111977,0.2546816479400749,40.05,59.5
LINUCB,Housewife,0,300,-73.5296825209058,0.2553729456384324,39.55,59.5
LINUCB,Housewife,0,350,-69.32028053373884,0.26778242677824265,41.825,59.5
LINUCB,Housewife,0,400,-61.862054236618725,0.2752463054187192,40.6,59.5
LINUCB,Housewife,0,450,-65.30157609923427,0.26413881748071977,38.9,59.5
LINUCB,Housewife,0,500,-76.79214490249032,0.2603377984857309,42.925,59.5
LINUCB,Housewife,0,550,-73.00757467342615,0.25970149253731345,41.875,59.5
LINUCB,Housewife,0,600,-66.00246307282507,0.2703037817730936,40.325,59.5
LINUCB,Housewife,0,650,-54.31322900597682,0.28324808184143224,39.1,59.5
LINUCB,Housewife,0,700,-56.53707213166272,0.27884615384615385,39.0,59.5
LINUCB,Housewife,0,750,-63.369780983447505,0.27221876942200124,40.225,59.5
LINUCB,Housewife,0,800,-62.93370677227256,0.27981384525887143,42.975,59.5
LINUCB,Housewife,0,850,-63.6292069899785,0.2732174955062912,41.725,59.5
LINUCB,Housewife,0,900,-62.76156595476745,0.2740784780023781,42.05,59.5
LINUCB,Housewife,0,950,-62.87520104453249,0.2732592159157402,42.725,59.5
LINUCB,Housewife,0,1000,-58.13845261298675,0.2821407795229785,42.975,59.5
LINUCB,Housewife,0,1050,-58.196560139328675,0.2829971181556196,43.375,59.5
LINUCB,Housewife,0,1100,-59.986222900427,0.2782352941176471,42.5,59.5
LINUCB,Housewife,0,1150,-63.91877959628515,0.2732362821948488,44.65,59.5
LINUCB,Housewife,0,1200,-55.145560249841445,0.2843197071384991,40.975,59.5
LINUCB,Housewife,0,1250,-58.52896500555069,0.2812687013764213,41.775,59.5
LINUCB,Housewife,0,1300,-62.99196442768048,0.27696234843650286,39.175,59.5
LINUCB,Housewife,0,1350,-63.12694055683092,0.2739549839228296,38.875,59.5
LINUCB,Housewife,0,1400,-59.57198790664737,0.2808641975308642,40.5,59.5
LINUCB,Housewife,0,1450,-62.66651552624304,0.27050720100187853,39.925,59.5
LINUCB,Housewife,0,1500,-65.8530614224001,0.27061044682190055,39.725,59.5
LINUCB,NormalStudent,0,50,-60.55726453318846,0.17028985507246377,48.3,71.4
LINUCB,NormalStudent,0,100,-59.35981333720181,0.1689080150618612,46.475,71.4
LINUCB,NormalStudent,0,150,-60.33926415662346,0.16833245660178853,47.525,71.4
LINUCB,NormalStudent,0,200,-60.78683549051705,0.16872427983539096,48.6,71.4
LINUCB,NormalStudent,0,250,-60.800350178304164,0.16835699797160245,49.3,71.4
LINUCB,NormalStudent,0,300,-66.94383602923673,0.16275586620069896,50.075,71.4
LINUCB,NormalStudent,0,350,-63.76912124112886,0.1682335477486393,50.525,71.4
LINUCB,NormalStudent,0,400,-65.47832191435432,0.16250636780438105,49.075,71.4
LINUCB,NormalStudent,0,450,-64.68026749088104,0.16364551863041288,49.65,71.4
LINUCB,NormalStudent,0,500,-64.03383157750777,0.16764418377321602,51.15,71.4
LINUCB,NormalStudent,0,550,-72.41615133766753,0.1570807153214113,51.725,71.4
LINUCB,NormalStudent,0,600,-68.1335009340331,0.16327519379844962,51.6,71.4
LINUCB,NormalStudent,0,650,-71.43015968594881,0.15914489311163896,52.625,71.4
LINUCB,NormalStudent,0,700,-69.63979847208037,0.16141541444498303,51.575,71.4
LINUCB,NormalStudent,0,750,-68.99498860360288,0.16245136186770429,51.4,71.4
LINUCB,NormalStudent,0,800,-73.52987436089902,0.1577437858508604,52.3,71.4
LINUCB,NormalStudent,0,850,-69.78649390782778,0.16076555023923444,52.25,71.4
LINUCB,NormalStudent,0,900,-70.32920222572808,0.16108986615678778,52.3,71.4
LINUCB,NormalStudent,0,950,-67.60488887945785,0.16514642342774843,52.075,71.4
LINUCB,NormalStudent,0,1000,-65.65173533206989,0.16885007278020378,51.525,71.4
LINUCB,NormalStudent,0,1050,-64.2576698688262,0.1701923076923077,52.0,71.4
LINUCB,NormalStudent,0,1100,-66.33406617680518,0.16706904876871076,51.775,71.4
LINUCB,NormalStudent,0,1150,-63.70546713315012,0.17075517075517074,51.975,71.4
LINUCB,NormalStudent,0,1200,-66.16348380392361,0.1677138714354761,51.725,71.4
LINUCB,NormalStudent,0,1250,-67.42975379762666,0.16554702495201534,52.1,71.4
LINUCB,NormalStudent,0,1300,-66.99600659911452,0.16610495907558978,51.925,71.4
LINUCB,NormalStudent,0,1350,-65.54687842701142,0.16902784562774792,51.175,71.4
LINUCB,NormalStudent,0,1400,-65.65020350044283,0.16876208897485492,51.7,71.4
LINUCB,NormalStudent,0,1450,-66.60725846605865,0.1677138714354761,51.725,71.4
LINUCB,NormalStudent,0,1500,-67.8661824654433,0.1645021645021645,51.975,71.4
LINUCB,NightShiftWorker,0,50,-51.34588945799826,0.1778542742398164,43.575,73.3
LINUCB,NightShiftWorker,0,100,-48.01838423573445,0.18334297281665704,43.225,73.3
LINUCB,NightShiftWorker,0,150,-48.813459126955884,0.18424036281179137,44.1,73.3
LINUCB,NightShiftWorker,0,200,-46.88650233415291,0.18710781517398745,43.825,73.3
LINUCB,NightShiftWorker,0,250,-44.65701533077963,0.19094036697247707,43.6,73.3
LINUCB,NightShiftWorker,0,300,-49.58044798229226,0.182181610508281,43.775,73.3
LINUCB,NightShiftWorker,0,350,-48.906422795145815,0.1839080459770115,43.5,73.3
LINUCB,NightShiftWorker,0,400,-46.88596773240188,0.18796138557637707,44.025,73.3
LINUCB,NightShiftWorker,0,450,-46.230739623231976,0.18902093944538767,44.175,73.3
LINUCB,NightShiftWorker,0,500,-47.34146126440703,0.18600682593856654,43.95,73.3
LINUCB,NightShiftWorker,0,550,-46.38217107329903,0.18796561604584527,43.625,73.3
LINUCB,NightShiftWorker,0,600,-44.7132928710603,0.1906392694063927,43.8,73.3
LINUCB,NightShiftWorker,0,650,-48.48425384067959,0.1842696629213483,44.5,73.3
LINUCB,NightShiftWorker,0,700,-47.00945694728571,0.1873247335950645,44.575,73.3
LINUCB,NightShiftWorker,0,750,-48.90110033025551,0.18328690807799444,44.875,73.3
LINUCB,NightShiftWorker,0,800,-49.56725949409442,0.18272980501392758,44.875,73.3
LINUCB,NightShiftWorker,0,850,-53.539984062265475,0.17702552719200887,45.05,73.3
LINUCB,NightShiftWorker,0,900,-51.3105984504355,0.1815673289183223,45.3,73.3
LINUCB,NightShiftWorker,0,950,-52.76007797764387,0.1782343142698501,45.025,73.3
LINUCB,NightShiftWorker,0,1000,-51.35837558547197,0.18131564400221117,45.225,73.3
LINUCB,NightShiftWorker,0,1050,-47.094485804440595,0.1878483835005574,44.85,73.3
LINUCB,NightShiftWorker,0,1100,-46.19948160604499,0.1891891891891892,44.4,73.3
LINUCB,NightShiftWorker,0,1150,-47.15699369480667,0.18725324309080654,44.325,73.3
LINUCB,NightShiftWorker,0,1200,-46.029730349606076,0.18877551020408162,44.1,73.3
LINUCB,NightShiftWorker,0,1250,-48.01111304136145,0.18541548897682306,44.225,73.3
LINUCB,NightShiftWorker,0,1300,-48.70139725170536,0.18505942275042445,44.175,73.3
LINUCB,NightShiftWorker,0,1350,-50.04533489702702,0.18283791362871565,44.575,73.3
LINUCB,NightShiftWorker,0,1400,-49.66500173706062,0.18360471645143178,44.525,73.3
LINUCB,NightShiftWorker,0,1450,-50.655293832245064,0.18176670441676104,44.15,73.3
LINUCB,NightShiftWorker,0,1500,-50.05091677301908,0.1829405162738496,44.55,73.3
LINUCB,NightOwlStudent,0,50,-39.620218790408174,0.1968365553602812,42.675,74.2
LINUCB,NightOwlStudent,0,100,-37.52639297468909,0.19830200121285627,41.225,74.2
LINUCB,NightOwlStudent,0,150,-38.85726452988879,0.1968019680196802,40.65,74.2
LINUCB,NightOwlStudent,0,200,-34.47897484647331,0.20612980769230768,41.6,74.2
LINUCB,NightOwlStudent,0,250,-28.98457361839843,0.21419676214196762,40.15,74.2
LINUCB,NightOwlStudent,0,300,-28.687639272169246,0.2147820593809223,39.575,74.2
LINUCB,NightOwlStudent,0,350,-29.96054663369967,0.21196690006365373,39.275,74.2
LINUCB,NightOwlStudent,0,400,-26.252764883811103,0.21930946291560102,39.1,74.2
LINUCB,NightOwlStudent,0,450,-24.189964679099884,0.22406110757479314,39.275,74.2
LINUCB,NightOwlStudent,0,500,-21.616556938738825,0.22784810126582278,39.5,74.2
LINUCB,NightOwlStudent,0,550,-23.27062373134292,0.2257450856055802,39.425,74.2
LINUCB,NightOwlStudent,0,600,-22.277551422296124,0.22666666666666666,39.375,74.2
LINUCB,NightOwlStudent,0,650,-22.724383613137583,0.22578576010262988,38.975,74.2
LINUCB,NightOwlStudent,0,700,-21.94957406428553,0.22730199613650998,38.825,74.2
LINUCB,NightOwlStudent,0,750,-21.355274240386056,0.2282958199356913,38.875,74.2
LINUCB,NightOwlStudent,0,800,-21.44594896020569,0.22826086956521738,39.1,74.2
LINUCB,NightOwlStudent,0,850,-20.769984349666537,0.22908622908622908,38.85,74.2
LINUCB,NightOwlStudent,0,900,-21.947005039007603,0.22683084899546338,38.575,74.2
LINUCB,NightOwlStudent,0,950,-21.447414695302683,0.2269180754226268,38.45,74.2
LINUCB,NightOwlStudent,0,1000,-20.862403936486135,0.22857142857142856,38.5,74.2
LINUCB,NightOwlStudent,0,1050,-21.73835977984577,0.22727272727272727,38.5,74.2
LINUCB,NightOwlStudent,0,1100,-21.821215071364424,0.22685788787483702,38.35,74.2
LINUCB,NightOwlStudent,0,1150,-21.928977509639516,0.22685788787483702,38.35,74.2
LINUCB,NightOwlStudent,0,1200,-22.31174068255046,0.22593320235756384,38.175,74.2
LINUCB,NightOwlStudent,0,1250,-22.31423754658821,0.22593320235756384,38.175,74.2
LINUCB,NightOwlStudent,0,1300,-22.13902385097428,0.2262295081967213,38.125,74.2
LINUCB,NightOwlStudent,0,1350,-22.364494767383235,0.22557377049180327,38.125,74.2
LINUCB,NightOwlStudent,0,1400,-21.53307855978365,0.2275409836065574,38.125,74.2
LINUCB,NightOwlStudent,0,1450,-21.529643763110535,0.22769028871391075,38.1,74.2
LINUCB,NightOwlStudent,0,1500,-22.32971153908798,0.22601839684625494,38.05,74.2
PPO,OfficeWorker,0,50,0.0,0.0,0.0,314.9
PPO,OfficeWorker,0,100,0.0,0.0,0.0,314.9
PPO,OfficeWorker,0,150,0.0,0.0,0.0,314.9
PPO,OfficeWorker,0,200,0.0,0.0,0.0,314.9
PPO,OfficeWorker,0,250,0.0,0.0,0.0,314.9
PPO,OfficeWorker,0,300,0.0,0.0,0.0,314.9
PPO,OfficeWorker,0,350,0.0,0.0,0.0,314.9
PPO,OfficeWorker,0,400,0.0,0.0,0.0,314.9
PPO,OfficeWorker,0,450,0.0,0.0,0.0,314.9
PPO,OfficeWorker,0,500,0.0,0.0,0.0,314.9
PPO,OfficeWorker,0,550,0.0,0.0,0.0,314.9
PPO,OfficeWorker,0,600,0.0,0.0,0.0,314.9
PPO,OfficeWorker,0,650,0.0,0.0,0.0,314.9
PPO,OfficeWorker,0,700,0.0,0.0,0.0,314.9
PPO,OfficeWorker,0,750,-0.7131874746641911,0.13333333333333333,0.375,314.9
PPO,OfficeWorker,0,800,0.0,0.0,0.0,314.9
PPO,OfficeWorker,0,850,-0.4999999652435026,0.21052631578947367,0.475,314.9
PPO,OfficeWorker,0,900,0.0,0.0,0.0,314.9
PPO,OfficeWorker,0,950,0.0,0.0,0.0,314.9
PPO,OfficeWorker,0,1000,0.0,0.0,0.0,314.9
PPO,OfficeWorker,0,1050,0.0,0.0,0.0,314.9
PPO,OfficeWorker,0,1100,0.0,0.0,0.0,314.9
PPO,OfficeWorker,0,1150,-1.4987855344884395,0.2534246575342466,3.65,314.9
PPO,OfficeWorker,0,1200,0.0,0.0,0.0,314.9
PPO,OfficeWorker,0,1250,0.03503975038355911,0.2857142857142857,1.575,314.9
PPO,OfficeWorker,0,1300,0.0,0.0,0.0,314.9
PPO,OfficeWorker,0,1350,0.0,0.0,0.0,314.9
PPO,OfficeWorker,0,1400,0.0,0.0,0.0,314.9
PPO,OfficeWorker,0,1450,0.5702486857051345,0.2985781990521327,5.275,314.9
PPO,OfficeWorker,0,1500,-10.165935709902621,0.22282608695652173,13.8,314.9
PPO,NightShiftWorker,0,50,0.0,0.0,0.0,313.2
PPO,NightShiftWorker,0,100,0.0,0.0,0.0,313.2
PPO,NightShiftWorker,0,150,0.0,0.0,0.0,313.2
PPO,NightShiftWorker,0,200,0.0,0.0,0.0,313.2
PPO,NightShiftWorker,0,250,0.0,0.0,0.0,313.2
PPO,NightShiftWorker,0,300,0.0,0.0,0.0,313.2
PPO,NightShiftWorker,0,350,0.0,0.0,0.0,313.2
PPO,NightShiftWorker,0,400,0.0,0.0,0.0,313.2
PPO,NightShiftWorker,0,450,0.0,0.0,0.0,313.2
PPO,NightShiftWorker,0,500,0.0,0.0,0.0,313.2
PPO,NightShiftWorker,0,550,0.0,0.0,0.0,313.2
PPO,NightShiftWorker,0,600,0.0,0.0,0.0,313.2
PPO,NightShiftWorker,0,650,0.0,0.0,0.0,313.2
PPO,NightShiftWorker,0,700,0.0,0.0,0.0,313.2
PPO,NightShiftWorker,0,750,0.0,0.0,0.0,313.2
PPO,NightShiftWorker,0,800,0.0,0.0,0.0,313.2
PPO,NightShiftWorker,0,850,0.0,0.0,0.0,313.2
PPO,NightShiftWorker,0,900,0.0,0.0,0.0,313.2
PPO,NightShiftWorker,0,950,0.0,0.0,0.0,313.2
PPO,NightShiftWorker,0,1000,0.0,0.0,0.0,313.2
PPO,NightShiftWorker,0,1050,0.0,0.0,0.0,313.2
PPO,NightShiftWorker,0,1100,0.0,0.0,0.0,313.2
PPO,NightShiftWorker,0,1150,0.0,0.0,0.0,313.2
PPO,NightShiftWorker,0,1200,0.0,0.0,0.0,313.2
PPO,NightShiftWorker,0,1250,0.0,0.0,0.0,313.2
PPO,NightShiftWorker,0,1300,0.0,0.0,0.0,313.2
PPO,NightShiftWorker,0,1350,0.0,0.0,0.0,313.2
PPO,NightShiftWorker,0,1400,0.0,0.0,0.0,313.2
PPO,NightShiftWorker,0,1450,0.0,0.0,0.0,313.2
PPO,NightShiftWorker,0,1500,-46.23336649467285,0.08450704225352113,17.75,313.2
PPO,NightOwlStudent,0,50,0.0,0.0,0.0,315.1
PPO,NightOwlStudent,0,100,0.0,0.0,0.0,315.1
PPO,NightOwlStudent,0,150,0.0,0.0,0.0,315.1
PPO,NightOwlStudent,0,200,0.0,0.0,0.0,315.1
PPO,NightOwlStudent,0,250,0.0,0.0,0.0,315.1
PPO,NightOwlStudent,0,300,0.0,0.0,0.0,315.1
PPO,NightOwlStudent,0,350,0.0,0.0,0.0,315.1
PPO,NightOwlStudent,0,400,0.0,0.0,0.0,315.1
PPO,NightOwlStudent,0,450,0.0,0.0,0.0,315.1
PPO,NightOwlStudent,0,500,0.0,0.0,0.0,315.1
PPO,NightOwlStudent,0,550,0.0,0.0,0.0,315.1
PPO,NightOwlStudent,0,600,0.0,0.0,0.0,315.1
PPO,NightOwlStudent,0,650,0.0,0.0,0.0,315.1
PPO,NightOwlStudent,0,700,0.0,0.0,0.0,315.1
PPO,NightOwlStudent,0,750,0.0,0.0,0.0,315.1
PPO,NightOwlStudent,0,800,0.0,0.0,0.0,315.1
PPO,NightOwlStudent,0,850,0.0,0.0,0.0,315.1
PPO,NightOwlStudent,0,900,0.0,0.0,0.0,315.1
PPO,NightOwlStudent,0,950,0.0,0.0,0.0,315.1
PPO,NightOwlStudent,0,1000,0.0,0.0,0.0,315.1
PPO,NightOwlStudent,0,1050,0.0,0.0,0.0,315.1
PPO,NightOwlStudent,0,1100,0.0,0.0,0.0,315.1
PPO,NightOwlStudent,0,1150,0.0,0.0,0.0,315.1
PPO,NightOwlStudent,0,1200,0.0,0.0,0.0,315.1
PPO,NightOwlStudent,0,1250,0.0,0.0,0.0,315.1
PPO,NightOwlStudent,0,1300,0.0,0.0,0.0,315.1
PPO,NightOwlStudent,0,1350,0.0,0.0,0.0,315.1
PPO,NightOwlStudent,0,1400,0.0,0.0,0.0,315.1
PPO,NightOwlStudent,0,1450,0.0,0.0,0.0,315.1
PPO,NightOwlStudent,0,1500,0.0,0.0,0.0,315.1
PPO,NormalStudent,0,50,0.0,0.0,0.0,321.0
PPO,NormalStudent,0,100,0.0,0.0,0.0,321.0
PPO,NormalStudent,0,150,0.0,0.0,0.0,321.0
PPO,NormalStudent,0,200,0.0,0.0,0.0,321.0
PPO,NormalStudent,0,250,0.0,0.0,0.0,321.0
PPO,NormalStudent,0,300,0.0,0.0,0.0,321.0
PPO,NormalStudent,0,350,0.0,0.0,0.0,321.0
PPO,NormalStudent,0,400,0.0,0.0,0.0,321.0
PPO,NormalStudent,0,450,-0.5097112022489123,0.25,1.0,321.0
PPO,NormalStudent,0,500,0.0,0.0,0.0,321.0
PPO,NormalStudent,0,550,0.0,0.0,0.0,321.0
PPO,NormalStudent,0,600,0.0,0.0,0.0,321.0
PPO,NormalStudent,0,650,0.0,0.0,0.0,321.0
PPO,NormalStudent,0,700,-2.8234045239604137,0.22377622377622378,3.575,321.0
PPO,NormalStudent,0,750,-2.047257958331523,0.23484848484848486,3.3,321.0
PPO,NormalStudent,0,800,-36.45810381975775,0.1625615763546798,25.375,321.0
PPO,NormalStudent,0,850,-31.374151189761665,0.1626848691695108,21.975,321.0
PPO,NormalStudent,0,900,-8.708683537266102,0.21749408983451538,10.575,321.0
PPO,NormalStudent,0,950,-37.14633039812468,0.17349607672188316,28.675,321.0
PPO,NormalStudent,0,1000,-8.156030803606438,0.24336973478939158,16.025,321.0
PPO,NormalStudent,0,1050,-32.22486647485433,0.18089053803339517,26.95,321.0
PPO,NormalStudent,0,1100,-26.964206970165186,0.2077104642014162,31.775,321.0
PPO,NormalStudent,0,1150,-30.746658503739866,0.19701986754966888,30.2,321.0
PPO,NormalStudent,0,1200,-29.04871601277256,0.1949685534591195,27.825,321.0
PPO,NormalStudent,0,1250,-25.67231405176746,0.2037871956717764,27.725,321.0
PPO,NormalStudent,0,1300,-28.39484750401949,0.19183285849952517,26.325,321.0
PPO,NormalStudent,0,1350,-12.774814132683966,0.22721268163804492,18.925,321.0
PPO,NormalStudent,0,1400,-53.477413353964224,0.15983321751216123,35.975,321.0
PPO,NormalStudent,0,1450,-65.50336839454448,0.14738805970149255,40.2,321.0
PPO,NormalStudent,0,1500,-47.99265215541392,0.1700348432055749,35.875,321.0
DQN,Housewife,0,50,-15.673687805507267,0.23568136932192232,37.975,553.1
DQN,Housewife,0,100,-9.431671157274462,0.2507204610951009,34.7,553.1
DQN,Housewife,0,150,-11.897060468686657,0.24297520661157024,45.375,553.1
DQN,Housewife,0,200,-20.729834288031736,0.2275238573581115,49.775,553.1
DQN,Housewife,0,250,-7.435663293523637,0.2497175141242938,44.25,553.1
DQN,Housewife,0,300,-6.077340380568899,0.24872665534804753,29.45,553.1
DQN,Housewife,0,350,-12.005860204739992,0.2386117136659436,57.625,553.1
DQN,Housewife,0,400,-4.697713218670673,0.25023342670401494,53.55,553.1
DQN,Housewife,0,450,33.94409263740996,0.3070083682008368,47.8,553.1
DQN,Housewife,0,500,27.872007877175843,0.2970835392980722,50.575,553.1
DQN,Housewife,0,550,46.40852015834364,0.32742440041710114,47.95,553.1
DQN,Housewife,0,600,20.570692014524173,0.28736208625877635,49.85,553.1
DQN,Housewife,0,650,20.172597505004084,0.3097961213326703,50.275,553.1
DQN,Housewife,0,700,39.64239034123118,0.3252873563218391,43.5,553.1
DQN,Housewife,0,750,43.652211889922896,0.323744769874477,47.8,553.1
DQN,Housewife,0,800,49.78796224659193,0.3417945690672963,42.35,553.1
DQN,Housewife,0,850,38.33509064011283,0.3153393907001603,46.775,553.1
DQN,Housewife,0,900,40.173566511958505,0.31115557778889447,49.975,553.1
DQN,Housewife,0,950,46.2696180725961,0.3333333333333333,44.025,553.1
DQN,Housewife,0,1000,47.09796992223973,0.3408826945412311,43.05,553.1
DQN,Housewife,0,1050,49.548454809459884,0.3466909532483303,41.175,553.1
DQN,Housewife,0,1100,49.965160476684844,0.3433179723502304,43.4,553.1
DQN,Housewife,0,1150,49.275119352284406,0.34774665042630937,41.05,553.1
DQN,Housewife,0,1200,58.82880796926831,0.3512304250559284,44.7,553.1
DQN,Housewife,0,1250,40.53877700748234,0.35607537361923325,38.475,553.1
DQN,Housewife,0,1300,44.01082323269735,0.36757512229210343,35.775,553.1
DQN,Housewife,0,1350,35.95949982437976,0.31693423096841017,48.275,553.1
DQN,Housewife,0,1400,52.69144512663693,0.3659305993690852,39.625,553.1
DQN,Housewife,0,1450,51.5184000176612,0.3773972602739726,36.5,553.1
DQN,Housewife,0,1500,31.21593776415665,0.336322869955157,44.6,553.1
DQN,OfficeWorker,0,50,-74.55741401150661,0.17080745341614906,64.4,568.3
DQN,OfficeWorker,0,100,-63.21393545697132,0.16932752781809385,51.675,568.3
DQN,OfficeWorker,0,150,-60.324887540354304,0.17926565874730022,57.875,568.3
DQN,OfficeWorker,0,200,-59.02237013963211,0.1778913144449605,53.825,568.3
DQN,OfficeWorker,0,250,-40.480306248287754,0.19675675675675675,46.25,568.3
DQN,OfficeWorker,0,300,-15.03016326109612,0.23567708333333334,38.4,568.3
DQN,OfficeWorker,0,350,-28.39322689420461,0.21398684997011358,41.825,568.3
DQN,OfficeWorker,0,400,-46.68964381781986,0.19105493437044238,51.425,568.3
DQN,OfficeWorker,0,450,-28.97722214471948,0.2054093567251462,34.2,568.3
DQN,OfficeWorker,0,500,-39.51248894143378,0.19513607411696585,43.175,568.3
DQN,OfficeWorker,0,550,-6.663184847385821,0.2568306010928962,27.45,568.3
DQN,OfficeWorker,0,600,-44.141347545898704,0.18720095693779903,41.8,568.3
DQN,OfficeWorker,0,650,-10.012063847524088,0.23991507430997877,23.55,568.3
DQN,OfficeWorker,0,700,-32.48664753602609,0.20591787439613526,41.4,568.3
DQN,OfficeWorker,0,750,-7.017237894047017,0.2502482621648461,25.175,568.3
DQN,OfficeWorker,0,800,13.399661976514002,0.3368010403120936,19.225,568.3
DQN,OfficeWorker,0,850,22.628341714242147,0.3414161008729389,25.775,568.3
DQN,OfficeWorker,0,900,23.641698428959305,0.3566810344827586,23.2,568.3
DQN,OfficeWorker,0,950,15.857643991653713,0.3302373581011352,24.225,568.3
DQN,OfficeWorker,0,1000,20.939754456330917,0.3560693641618497,21.625,568.3
DQN,OfficeWorker,0,1050,22.08967586945572,0.35274725274725277,22.75,568.3
DQN,OfficeWorker,0,1100,24.456483476129602,0.3701067615658363,21.075,568.3
DQN,OfficeWorker,0,1150,18.981123278641466,0.33530571992110453,25.35,568.3
DQN,OfficeWorker,0,1200,15.492923917085628,0.3125,29.6,568.3
DQN,OfficeWorker,0,1250,11.394139413362826,0.3033419023136247,29.175,568.3
DQN,OfficeWorker,0,1300,16.906374054005674,0.32755298651252407,25.95,568.3
DQN,OfficeWorker,0,1350,25.920154336397992,0.3468599033816425,25.875,568.3
DQN,OfficeWorker,0,1400,14.891891848335334,0.3239845261121857,25.85,568.3
DQN,OfficeWorker,0,1450,15.031322872209222,0.31569173630454966,26.925,568.3
DQN,OfficeWorker,0,1500,12.838627417418081,0.29107981220657275,37.275,568.3
DQN,NormalStudent,0,50,-14.467712736668423,0.23226433430515064,25.725,570.7
DQN,NormalStudent,0,100,-15.879878976528602,0.22518676627534684,23.425,570.7
DQN,NormalStudent,0,150,-31.165858119746417,0.19237147595356552,30.15,570.7
DQN,NormalStudent,0,200,-50.947363488974545,0.17370325693606756,41.45,570.7
DQN,NormalStudent,0,250,-15.095121608114207,0.2193877551020408,19.6,570.7
DQN,NormalStudent,0,300,-3.877297261120365,0.22994652406417113,4.675,570.7
DQN,NormalStudent,0,350,-5.69736311402705,0.21658986175115208,5.425,570.7
DQN,NormalStudent,0,400,-8.133350060679067,0.2280130293159609,7.675,570.7
DQN,NormalStudent,0,450,-9.669941592336663,0.21271393643031786,10.225,570.7
DQN,NormalStudent,0,500,-24.739100240881722,0.21044045676998369,30.65,570.7
DQN,NormalStudent,0,550,-21.96479114466384,0.21242124212421243,27.775,570.7
DQN,NormalStudent,0,600,-15.13794796655257,0.2344763670064875,26.975,570.7
DQN,NormalStudent,0,650,-4.187862461483827,0.3387358184764992,15.425,570.7
DQN,NormalStudent,0,700,-3.9059254263408816,0.30796460176991153,14.125,570.7
DQN,NormalStudent,0,750,-18.95763549456828,0.22592259225922592,27.775,570.7
DQN,NormalStudent,0,800,-3.066554101468477,0.2879019908116386,16.325,570.7
DQN,NormalStudent,0,850,-6.491923281373438,0.250814332247557,15.35,570.7
DQN,NormalStudent,0,900,2.7349728813965397,0.3191489361702128,12.925,570.7
DQN,NormalStudent,0,950,-4.56797152237734,0.3274478330658106,15.575,570.7
DQN,NormalStudent,0,1000,-5.4511484719679135,0.4126126126126126,13.875,570.7
DQN,NormalStudent,0,1050,-5.7613881343732745,0.29844961240310075,19.35,570.7
DQN,NormalStudent,0,1100,-5.582073728181657,0.3484848484848485,16.5,570.7
DQN,NormalStudent,0,1150,-11.569616006188241,0.2852512155591572,15.425,570.7
DQN,NormalStudent,0,1200,-5.68852783120844,0.32653061224489793,13.475,570.7
DQN,NormalStudent,0,1250,-9.218028130525935,0.33515482695810567,13.725,570.7
DQN,NormalStudent,0,1300,-11.442836994336009,0.39863013698630134,18.25,570.7
DQN,NormalStudent,0,1350,-7.569799614281749,0.3948439620081411,18.425,570.7
DQN,NormalStudent,0,1400,-14.084605296483005,0.31445904954499493,24.725,570.7
DQN,NormalStudent,0,1450,-2.5029776255891614,0.4440789473684211,7.6,570.7
DQN,NormalStudent,0,1500,-6.37118373117192,0.36858475894245724,16.075,570.7
DQN,NightOwlStudent,0,50,-7.403705404821913,0.44752475247524753,12.625,572.0
DQN,NightOwlStudent,0,100,5.9175449361494525,0.38524590163934425,6.1,572.0
DQN,NightOwlStudent,0,150,-1.4599893649355526,0.2756598240469208,17.05,572.0
DQN,NightOwlStudent,0,200,-2.6383848508426775,0.2959326788218794,17.825,572.0
DQN,NightOwlStudent,0,250,-1.4897018503033574,0.3502673796791444,18.7,572.0
DQN,NightOwlStudent,0,300,1.2799117761261036,0.34724540901502504,14.975,572.0
DQN,NightOwlStudent,0,350,0.5509946563007005,0.36935483870967745,15.5,572.0
DQN,NightOwlStudent,0,400,-5.159077845183978,0.3048469387755102,19.6,572.0
DQN,NightOwlStudent,0,450,-2.905716441378007,0.34770114942528735,8.7,572.0
DQN,NightOwlStudent,0,500,8.325965559804278,0.4176931690929451,22.325,572.0
DQN,NightOwlStudent,0,550,8.181282519595484,0.4026128266033254,21.05,572.0
DQN,NightOwlStudent,0,600,7.059533976196664,0.39358288770053473,23.375,572.0
DQN,NightOwlStudent,0,650,4.761661951126486,0.3939393939393939,23.925,572.0
DQN,NightOwlStudent,0,700,-1.207556659787239,0.38104448742746616,25.85,572.0
DQN,NightOwlStudent,0,750,7.319743988436818,0.4043243243243243,23.125,572.0
DQN,NightOwlStudent,0,800,28.06058606793035,0.5938337801608579,18.65,572.0
DQN,NightOwlStudent,0,850,21.5424515431206,0.5504694835680751,21.3,572.0
DQN,NightOwlStudent,0,900,13.007990918469506,0.5125958378970427,22.825,572.0
DQN,NightOwlStudent,0,950,19.554104586260646,0.5559895833333334,19.2,572.0
DQN,NightOwlStudent,0,1000,20.867709712864443,0.5483091787439613,20.7,572.0
DQN,NightOwlStudent,0,1050,28.74294787023471,0.5762273901808785,19.35,572.0
DQN,NightOwlStudent,0,1100,21.866736988581987,0.5677852348993289,18.625,572.0
DQN,NightOwlStudent,0,1150,24.39918838763711,0.5384615384615384,21.45,572.0
DQN,NightOwlStudent,0,1200,27.288486168934707,0.5565610859728507,22.1,572.0
DQN,NightOwlStudent,0,1250,18.257225465937523,0.5267538644470868,21.025,572.0
DQN,NightOwlStudent,0,1300,30.939174402114862,0.5677154582763337,18.275,572.0
DQN,NightOwlStudent,0,1350,25.599476825455387,0.5354993983152828,20.775,572.0
DQN,NightOwlStudent,0,1400,15.19576516282351,0.42697674418604653,26.875,572.0
DQN,NightOwlStudent,0,1450,11.967669247662355,0.4142732811140122,28.725,572.0
DQN,NightOwlStudent,0,1500,17.699660142149526,0.45323741007194246,24.325,572.0
DQN,NightShiftWorker,0,50,-42.737885392597605,0.14003944773175542,25.35,575.4
DQN,NightShiftWorker,0,100,-36.020656450317674,0.13407134071340712,20.325,575.4
DQN,NightShiftWorker,0,150,-28.703777456038615,0.1068840579710145,13.8,575.4
DQN,NightShiftWorker,0,200,-53.23858563372598,0.14184397163120568,31.725,575.4
DQN,NightShiftWorker,0,250,-40.379934293586125,0.13572204125950055,23.025,575.4
DQN,NightShiftWorker,0,300,-36.762762560829785,0.12452350698856417,19.675,575.4
DQN,NightShiftWorker,0,350,-8.048571461344224,0.09090909090909091,3.575,575.4
DQN,NightShiftWorker,0,400,0.0,0.0,0.0,575.4
DQN,NightShiftWorker,0,450,0.0,0.0,0.0,575.4
DQN,NightShiftWorker,0,500,0.0,0.0,0.0,575.4
DQN,NightShiftWorker,0,550,-7.835998852739872,0.1340782122905028,4.475,575.4
DQN,NightShiftWorker,0,600,0.0,0.0,0.0,575.4
DQN,NightShiftWorker,0,650,0.0,0.0,0.0,575.4
DQN,NightShiftWorker,0,700,0.0,0.0,0.0,575.4
DQN,NightShiftWorker,0,750,0.0,0.0,0.0,575.4
DQN,NightShiftWorker,0,800,0.0,0.0,0.0,575.4
DQN,NightShiftWorker,0,850,0.0,0.0,0.0,575.4
DQN,NightShiftWorker,0,900,0.0,0.0,0.0,575.4
DQN,NightShiftWorker,0,950,0.0,0.0,0.0,575.4
DQN,NightShiftWorker,0,1000,0.0,0.0,0.0,575.4
DQN,NightShiftWorker,0,1050,0.0,0.0,0.0,575.4
DQN,NightShiftWorker,0,1100,0.0,0.0,0.0,575.4
DQN,NightShiftWorker,0,1150,0.0,0.0,0.0,575.4
DQN,NightShiftWorker,0,1200,0.0,0.0,0.0,575.4
DQN,NightShiftWorker,0,1250,0.0,0.0,0.0,575.4
DQN,NightShiftWorker,0,1300,0.0,0.0,0.0,575.4
DQN,NightShiftWorker,0,1350,0.0,0.0,0.0,575.4
DQN,NightShiftWorker,0,1400,0.0,0.0,0.0,575.4
DQN,NightShiftWorker,0,1450,0.0,0.0,0.0,575.4
DQN,NightShiftWorker,0,1500,0.0950000457058136,0.3333333333333333,0.3,575.4
DDQN,OfficeWorker,0,50,-73.04963897657926,0.1732768579129765,64.925,580.6
DDQN,OfficeWorker,0,100,-62.642332497429194,0.17070805043646944,51.55,580.6
DDQN,OfficeWorker,0,150,-68.27100498314215,0.17145306472353194,58.325,580.6
DDQN,OfficeWorker,0,200,-54.760158063902395,0.18429561200923789,54.125,580.6
DDQN,OfficeWorker,0,250,-47.91141763643005,0.18579818473037907,46.825,580.6
DDQN,OfficeWorker,0,300,-18.022294349458768,0.23026744944553162,38.325,580.6
DDQN,OfficeWorker,0,350,-40.03798559999863,0.19906687402799378,48.225,580.6
DDQN,OfficeWorker,0,400,-39.53643170369141,0.19796137339055794,46.6,580.6
DDQN,OfficeWorker,0,450,-44.49977160515316,0.19298245614035087,48.45,580.6
DDQN,OfficeWorker,0,500,-4.040469315962122,0.2627416520210896,28.45,580.6
DDQN,OfficeWorker,0,550,-5.42702595168929,0.26241900647948163,23.15,580.6
DDQN,OfficeWorker,0,600,-4.0628256995869885,0.263724434876211,23.225,580.6
DDQN,OfficeWorker,0,650,-32.09194475202928,0.1997254632807138,36.425,580.6
DDQN,OfficeWorker,0,700,-0.4632780008472821,0.26929982046678635,27.85,580.6
DDQN,OfficeWorker,0,750,3.337205796142217,0.2811550151975684,32.9,580.6
DDQN,OfficeWorker,0,800,18.541608479587445,0.33048433048433046,26.325,580.6
DDQN,OfficeWorker,0,850,23.635574081840378,0.3469785575048733,25.65,580.6
DDQN,OfficeWorker,0,900,16.934828683869142,0.31317829457364343,32.25,580.6
DDQN,OfficeWorker,0,950,16.820062594542037,0.33232931726907633,24.9,580.6
DDQN,OfficeWorker,0,1000,26.794936638221014,0.38633540372670805,20.125,580.6
DDQN,OfficeWorker,0,1050,32.563475751567914,0.3936651583710407,22.1,580.6
DDQN,OfficeWorker,0,1100,20.60845012081932,0.33819241982507287,25.725,580.6
DDQN,OfficeWorker,0,1150,20.410702660309262,0.3339604891815616,26.575,580.6
DDQN,OfficeWorker,0,1200,21.28351784259441,0.3452502553626149,24.475,580.6
DDQN,OfficeWorker,0,1250,18.789839380815035,0.3213995117982099,30.725,580.6
DDQN,OfficeWorker,0,1300,10.098301641237024,0.2913955169920463,34.575,580.6
DDQN,OfficeWorker,0,1350,11.760817514952894,0.30438311688311687,30.8,580.6
DDQN,OfficeWorker,0,1400,24.323516818098312,0.3389084507042254,28.4,580.6
DDQN,OfficeWorker,0,1450,22.693160119601004,0.32212666145426117,31.975,580.6
DDQN,OfficeWorker,0,1500,21.603116727059856,0.33156028368794327,28.2,580.6
DDQN,NormalStudent,0,50,-15.954269465796028,0.22795497185741087,26.65,587.1
DDQN,NormalStudent,0,100,-19.793387902585433,0.21450459652706844,24.475,587.1
DDQN,NormalStudent,0,150,-30.012094734385432,0.19757085020242915,30.875,587.1
DDQN,NormalStudent,0,200,-52.29702667077729,0.17194029850746267,41.875,587.1
DDQN,NormalStudent,0,250,-14.437908717464614,0.2222222222222222,19.575,587.1
DDQN,NormalStudent,0,300,-3.8445787096905226,0.23157894736842105,4.75,587.1
DDQN,NormalStudent,0,350,-14.140994702197364,0.20169851380042464,11.775,587.1
DDQN,NormalStudent,0,400,-13.72772765148694,0.21205821205821207,12.025,587.1
DDQN,NormalStudent,0,450,-22.33537358778418,0.21135029354207435,25.55,587.1
DDQN,NormalStudent,0,500,-23.90816858801537,0.21529324424647364,33.675,587.1
DDQN,NormalStudent,0,550,-22.86406588727464,0.21299342105263158,30.4,587.1
DDQN,NormalStudent,0,600,-17.775623242802833,0.2570048309178744,25.875,587.1
DDQN,NormalStudent,0,650,-16.461885748031477,0.24378881987577639,16.1,587.1
DDQN,NormalStudent,0,700,-10.693821528073396,0.28396946564885495,16.375,587.1
DDQN,NormalStudent,0,750,-6.183773613968181,0.24153498871331827,11.075,587.1
DDQN,NormalStudent,0,800,-0.04771639076380776,0.2919847328244275,13.1,587.1
DDQN,NormalStudent,0,850,-6.817941256539605,0.3078125,16.0,587.1
DDQN,NormalStudent,0,900,-10.486966383963932,0.32281553398058255,10.3,587.1
DDQN,NormalStudent,0,950,-3.875012223359259,0.411214953271028,10.7,587.1
DDQN,NormalStudent,0,1000,4.157383101451248,0.5316901408450704,7.1,587.1
DDQN,NormalStudent,0,1050,-0.9659540091642299,0.4853658536585366,10.25,587.1
DDQN,NormalStudent,0,1100,3.101332057036832,0.5541125541125541,5.775,587.1
DDQN,NormalStudent,0,1150,-19.669210211398138,0.3725247524752475,20.2,587.1
DDQN,NormalStudent,0,1200,-2.092134171332416,0.49489795918367346,9.8,587.1
DDQN,NormalStudent,0,1250,-4.0884803113251325,0.45742092457420924,10.275,587.1
DDQN,NormalStudent,0,1300,0.7952482547307893,0.45866141732283466,12.7,587.1
DDQN,NormalStudent,0,1350,-8.437278276977706,0.34396671289875175,18.025,587.1
DDQN,NormalStudent,0,1400,-5.695125163185791,0.35833333333333334,15.0,587.1
DDQN,NormalStudent,0,1450,-0.8640395179038597,0.4216417910447761,13.4,587.1
DDQN,NormalStudent,0,1500,2.018229003208167,0.4177215189873418,13.825,587.1
DDQN,NightShiftWorker,0,50,-42.63069954239092,0.14313725490196078,25.5,594.1
DDQN,NightShiftWorker,0,100,-39.90787937472528,0.12702078521939955,21.65,594.1
DDQN,NightShiftWorker,0,150,-26.707164424348036,0.12050359712230216,13.9,594.1
DDQN,NightShiftWorker,0,200,-53.63425414100501,0.14588057445200303,33.075,594.1
DDQN,NightShiftWorker,0,250,-44.38627301219,0.13074565883554648,24.475,594.1
DDQN,NightShiftWorker,0,300,-36.61577241222752,0.1281094527363184,20.1,594.1
DDQN,NightShiftWorker,0,350,-17.24677233884893,0.10606060606060606,8.25,594.1
DDQN,NightShiftWorker,0,400,0.0,0.0,0.0,594.1
DDQN,NightShiftWorker,0,450,0.0,0.0,0.0,594.1
DDQN,NightShiftWorker,0,500,0.0,0.0,0.0,594.1
DDQN,NightShiftWorker,0,550,0.0,0.0,0.0,594.1
DDQN,NightShiftWorker,0,600,-4.402645101273176,0.1509433962264151,2.65,594.1
DDQN,NightShiftWorker,0,650,0.0,0.0,0.0,594.1
DDQN,NightShiftWorker,0,700,0.0,0.0,0.0,594.1
DDQN,NightShiftWorker,0,750,0.0,0.0,0.0,594.1
DDQN,NightShiftWorker,0,800,0.0,0.0,0.0,594.1
DDQN,NightShiftWorker,0,850,0.0,0.0,0.0,594.1
DDQN,NightShiftWorker,0,900,0.0,0.0,0.0,594.1
DDQN,NightShiftWorker,0,950,-0.08499999863022153,0.0,0.025,594.1
DDQN,NightShiftWorker,0,1000,-0.08499997382660479,0.0,0.025,594.1
DDQN,NightShiftWorker,0,1050,0.0,0.0,0.0,594.1
DDQN,NightShiftWorker,0,1100,0.0,0.0,0.0,594.1
DDQN,NightShiftWorker,0,1150,0.0,0.0,0.0,594.1
DDQN,NightShiftWorker,0,1200,0.0,0.0,0.0,594.1
DDQN,NightShiftWorker,0,1250,0.0,0.0,0.0,594.1
DDQN,NightShiftWorker,0,1300,0.0,0.0,0.0,594.1
DDQN,NightShiftWorker,0,1350,0.0,0.0,0.0,594.1
DDQN,NightShiftWorker,0,1400,0.0,0.0,0.0,594.1
DDQN,NightShiftWorker,0,1450,0.0,0.0,0.0,594.1
DDQN,NightShiftWorker,0,1500,0.0,0.0,0.0,594.1
DDQN,NightOwlStudent,0,50,-13.383754504108742,0.41385767790262173,13.35,598.5
DDQN,NightOwlStudent,0,100,6.012548276458238,0.3815261044176707,6.225,598.5
DDQN,NightOwlStudent,0,150,-1.8131921848502537,0.2736842105263158,16.625,598.5
DDQN,NightOwlStudent,0,200,-3.164917892248899,0.2925170068027211,18.375,598.5
DDQN,NightOwlStudent,0,250,-0.7026835629814823,0.35071707953063885,19.175,598.5
DDQN,NightOwlStudent,0,300,2.0411598887431954,0.3693304535637149,11.575,598.5
DDQN,NightOwlStudent,0,350,-3.109654412512457,0.35344827586206895,20.3,598.5
DDQN,NightOwlStudent,0,400,7.636309772202924,0.43492586490939045,15.175,598.5
DDQN,NightOwlStudent,0,450,6.938804171004452,0.49369747899159666,11.9,598.5
DDQN,NightOwlStudent,0,500,6.691877024957188,0.45911047345767575,17.425,598.5
DDQN,NightOwlStudent,0,550,7.828043857412998,0.43094841930116473,15.025,598.5
DDQN,NightOwlStudent,0,600,16.23006523562167,0.4471830985915493,21.3,598.5
DDQN,NightOwlStudent,0,650,-11.842787496420625,0.42290748898678415,22.7,598.5
DDQN,NightOwlStudent,0,700,7.43393239494645,0.4338235294117647,23.8,598.5
DDQN,NightOwlStudent,0,750,22.238458066839247,0.5540372670807453,20.125,598.5
DDQN,NightOwlStudent,0,800,15.490716006167293,0.5453367875647669,19.3,598.5
DDQN,NightOwlStudent,0,850,22.76045321699768,0.5802469135802469,18.225,598.5
DDQN,NightOwlStudent,0,900,24.496338154704056,0.5905292479108635,17.95,598.5
DDQN,NightOwlStudent,0,950,20.19146550550185,0.5451306413301663,21.05,598.5
DDQN,NightOwlStudent,0,1000,13.121093457884125,0.5316455696202531,17.775,598.5
DDQN,NightOwlStudent,0,1050,18.811819165239587,0.559322033898305,17.7,598.5
DDQN,NightOwlStudent,0,1100,21.77512096758415,0.5862595419847328,16.375,598.5
DDQN,NightOwlStudent,0,1150,18.726001036725098,0.5609756097560976,18.45,598.5
DDQN,NightOwlStudent,0,1200,22.12451682289313,0.5299363057324841,19.625,598.5
DDQN,NightOwlStudent,0,1250,22.05464909734541,0.5209125475285171,19.725,598.5
DDQN,NightOwlStudent,0,1300,24.56265382995352,0.5361077111383109,20.425,598.5
DDQN,NightOwlStudent,0,1350,21.12993073411776,0.534640522875817,19.125,598.5
DDQN,NightOwlStudent,0,1400,13.371397387575973,0.5221238938053098,19.775,598.5
DDQN,NightOwlStudent,0,1450,20.251881994397433,0.56,18.125,598.5
DDQN,NightOwlStudent,0,1500,21.408799598135886,0.5697841726618705,17.375,598.5
DDQN,Housewife,0,50,-13.382017044614269,0.24031516743269862,38.075,544.6
DDQN,Housewife,0,100,-10.246393026201993,0.246525237746891,34.175,544.6
DDQN,Housewife,0,150,-9.11209707062306,0.2473596442468038,44.975,544.6
DDQN,Housewife,0,200,-6.47604016425026,0.25198637911464244,44.05,544.6
DDQN,Housewife,0,250,-3.6438160924302325,0.2563817980022198,45.05,544.6
DDQN,Housewife,0,300,-22.911619294967675,0.22369000440334655,56.775,544.6
DDQN,Housewife,0,350,0.8985309815826732,0.257460799190693,49.425,544.6
DDQN,Housewife,0,400,14.76866056643585,0.27400468384074944,53.375,544.6
DDQN,Housewife,0,450,29.79385149267871,0.29740518962075846,50.1,544.6
DDQN,Housewife,0,500,35.03746700095445,0.30004732607666823,52.825,544.6
DDQN,Housewife,0,550,43.903999062036796,0.3166501486620416,50.45,544.6
DDQN,Housewife,0,600,56.036967201380506,0.34542410714285715,44.8,544.6
DDQN,Housewife,0,650,41.338399241219804,0.31665807117070655,48.475,544.6
DDQN,Housewife,0,700,41.33889713932602,0.32123799359658484,46.85,544.6
DDQN,Housewife,0,750,38.49525377475002,0.31341719077568136,47.7,544.6
DDQN,Housewife,0,800,49.64060170094812,0.3396551724137931,43.5,544.6
DDQN,Housewife,0,850,56.61481858781487,0.3526708788052843,43.525,544.6
DDQN,Housewife,0,900,47.5891336037443,0.34584295612009236,43.3,544.6
DDQN,Housewife,0,950,54.790728184877345,0.3550469483568075,42.6,544.6
DDQN,Housewife,0,1000,51.568722010333865,0.3454231433506045,43.425,544.6
DDQN,Housewife,0,1050,64.55323487748836,0.38555770470664086,38.775,544.6
DDQN,Housewife,0,1100,44.505265424588536,0.4214501510574018,33.1,544.6
DDQN,Housewife,0,1150,57.558448752201606,0.3682559598494354,39.85,544.6
DDQN,Housewife,0,1200,50.76266680911117,0.3559928443649374,41.925,544.6
DDQN,Housewife,0,1250,45.0559077949548,0.32451032292218107,47.225,544.6
DDQN,Housewife,0,1300,46.00316817073652,0.3555956678700361,41.55,544.6
DDQN,Housewife,0,1350,39.614691654568006,0.3677335075114304,38.275,544.6
DDQN,Housewife,0,1400,50.855876467500295,0.37541974479516454,37.225,544.6
DDQN,Housewife,0,1450,55.06327212545752,0.3765182186234818,37.05,544.6
DDQN,Housewife,0,1500,56.89022485034436,0.3740694789081886,40.3,544.6
PPO,Housewife,0,50,-16.172880310405347,0.23205741626794257,31.35,240.4
PPO,Housewife,0,100,-7.640987089678096,0.2567237163814181,20.45,240.4
PPO,Housewife,0,150,0.9531812086698572,0.2869757174392936,22.65,240.4
PPO,Housewife,0,200,1.6544848257111284,0.28507795100222716,22.45,240.4
PPO,Housewife,0,250,-14.18789829187441,0.23847695390781562,24.95,240.4
PPO,Housewife,0,300,-5.493529882953772,0.2675736961451247,22.05,240.4
PPO,Housewife,0,350,-8.349968685496407,0.2543186180422265,26.05,240.4
PPO,Housewife,0,400,-7.993502837232279,0.257172131147541,24.4,240.4
PPO,Housewife,0,450,-6.583624519848696,0.2604602510460251,23.9,240.4
PPO,Housewife,0,500,-2.100916259816534,0.26848249027237353,25.7,240.4
PPO,Housewife,0,550,-4.540496719219811,0.26687435098650053,24.075,240.4
PPO,Housewife,0,600,-10.137669449048264,0.24903846153846154,26.0,240.4
PPO,Housewife,0,650,-13.12083087898678,0.24216765453005928,29.525,240.4
PPO,Housewife,0,700,-8.743937958435879,0.25089928057553956,27.8,240.4
PPO,Housewife,0,750,-24.487803442371934,0.21499548328816623,27.675,240.4
PPO,Housewife,0,800,-22.758500570022782,0.21857025472473296,30.425,240.4
PPO,Housewife,0,850,-24.909379245426727,0.20752984389348025,27.225,240.4
PPO,Housewife,0,900,-16.26377858951838,0.23227132579650564,24.325,240.4
PPO,Housewife,0,950,-12.471189565185593,0.2408906882591093,24.7,240.4
PPO,Housewife,0,1000,-6.688882842422368,0.2633979475484607,21.925,240.4
PPO,Housewife,0,1050,-22.38327925626636,0.20679012345679013,24.3,240.4
PPO,Housewife,0,1100,-10.739009107145776,0.2462686567164179,23.45,240.4
PPO,Housewife,0,1150,-15.741480562415237,0.23229166666666667,24.0,240.4
PPO,Housewife,0,1200,-20.11317035049471,0.21643286573146292,24.95,240.4
PPO,Housewife,0,1250,-7.018073597690503,0.2601626016260163,24.6,240.4
PPO,Housewife,0,1300,-8.324698018986492,0.25456292026897215,26.025,240.4
PPO,Housewife,0,1350,-1.703199986881567,0.27976190476190477,21.0,240.4
PPO,Housewife,0,1400,-8.903292660063611,0.25565610859728505,22.1,240.4
PPO,Housewife,0,1450,-7.554902040113879,0.25901328273244784,26.35,240.4
PPO,Housewife,0,1500,-13.308738474476701,0.24586776859504134,24.2,240.4
